Series Name,Series Code,Country Name,Country Code,2000 [YR2000],2001 [YR2001],2002 [YR2002],2003 [YR2003],2004 [YR2004],2005 [YR2005],2006 [YR2006],2007 [YR2007],2008 [YR2008],2009 [YR2009],2010 [YR2010],2011 [YR2011],2012 [YR2012],2013 [YR2013],2014 [YR2014],2015 [YR2015],2016 [YR2016],2017 [YR2017],2018 [YR2018],2019 [YR2019]
Individuals using the Internet (% of population),IT.NET.USER.ZS,Afghanistan,AFG,..,0.004722568,0.004561395,0.087891253,0.10580903,1.224148084,2.107123645,1.9,1.84,3.55,4,5,5.454545455,5.9,7,8.26,11.2,13.5,..,..
Individuals using the Internet (% of population),IT.NET.USER.ZS,Albania,ALB,0.114097347,0.325798377,0.390081273,0.971900415,2.420387798,6.043890864,9.609991316,15.03611541,23.86,41.2,45,49,54.65595904,57.2,60.1,63.2529327,66.3634447,71.8470405,..,..
Individuals using the Internet (% of population),IT.NET.USER.ZS,Algeria,DZA,0.491705679,0.646114017,1.59164126,2.195359731,4.634475088,5.843942092,7.375984956,9.451190626,10.18,11.23,12.5,14.9,18.2,22.5,29.5,38.2,42.94552688,47.69105515,59.57968476,..
Individuals using the Internet (% of population),IT.NET.USER.ZS,American Samoa,ASM,..,..,..,..,..,..,..,..,..,..,..,..,..,..,..,..,..,..,..,..
Individuals using the Internet (% of population),IT.NET.USER.ZS,Andorra,AND,10.53883561,..,11.26046872,13.54641288,26.83795439,37.60576622,48.936847,70.87,70.04,78.53,81,81,86.43442462,94,95.9,96.91,97.93063712,91.56746703,..,..
Individuals using the Internet (% of population),IT.NET.USER.ZS,Angola,AGO,0.105045562,0.136013867,0.270376746,0.370682065,0.464814618,1.143366827,1.5,1.7,1.9,2.3,2.8,3.1,6.5,8.9,21.4,12.4,13,14.33907936,..,..
Individuals using the Internet (% of population),IT.NET.USER.ZS,Antigua and Barbuda,ATG,6.482225737,8.899285515,12.5,17.22864878,24.26654372,27,30,34,38,42,47,52,58,63.4,67.78,70,73,76,..,..
Individuals using the Internet (% of population),IT.NET.USER.ZS,Argentina,ARG,7.038683086,9.780807285,10.88212438,11.91369655,16.03668411,17.72058337,20.9272021,25.94663294,28.11262348,34,45,51,55.8,59.9,64.7,68.04306411,70.96898082,74.29490687,..,..
Individuals using the Internet (% of population),IT.NET.USER.ZS,Armenia,ARM,1.300470022,1.631094667,1.960405046,4.575217225,4.899008571,5.252983352,5.631787777,6.021253397,6.21,15.3,25,32,37.5,41.9,54.62280586,59.10237771,64.34602977,64.74488433,..,..
Individuals using the Internet (% of population),IT.NET.USER.ZS,Aruba,ABW,15.44282295,17.1,18.8,20.8,23,25.4,28,30.9,52,58,62,69,74,78.9,83.78,88.66122693,93.54245387,97.17,..,..
Individuals using the Internet (% of population),IT.NET.USER.ZS,Australia,AUS,46.75611561,52.68926643,..,..,..,63,66,69.45,71.67,74.25,76,79.48769771,79,83.45349717,84,84.56051935,86.54,86.54504885,..,..
Individuals using the Internet (% of population),IT.NET.USER.ZS,Austria,AUT,33.73013295,39.18545018,36.56,42.7,54.28,58,63.6,69.37,72.87,73.45,75.17,78.7399931,80.02999392,80.6188,80.99582496,83.94014193,84.32374257,87.93558659,87.71046495,..
Individuals using the Internet (% of population),IT.NET.USER.ZS,Azerbaijan,AZE,0.147757576,0.305564638,4.999713678,..,..,8.030375356,11.99217733,14.54,17.08,27.4,46,50,54.2,73.00000137,75.00001564,77,78.2,79,79.79999549,..
Individuals using the Internet (% of population),IT.NET.USER.ZS,"Bahamas, The",BHS,8,11.8,18,20,22,25,26,27,31.54,33.88,43,65,71.74820281,72,76.92,78,80,85,..,..
Individuals using the Internet (% of population),IT.NET.USER.ZS,Bahrain,BHR,6.153732546,15.03863425,18.05072089,21.55494499,21.45868051,21.30373351,28.24395243,32.91,51.95,53,55,76.9999665,88,90.0000397,90.50313348,93.47830114,97.9999807,95.87813575,98.64342901,..
Individuals using the Internet (% of population),IT.NET.USER.ZS,Bangladesh,BGD,0.071039423,0.129807974,0.139920289,0.163877665,0.199036334,0.241637326,1,1.8,2.5,3.1,3.7,4.5,5,6.63,13.9,14.4,18.02,15,..,..
Individuals using the Internet (% of population),IT.NET.USER.ZS,Barbados,BRB,3.973678355,11.93645034,27.83632242,39.68962712,49.8,52.5,55.3,58.2,61.4,64.7,65.1,66.5,71.2,71.8,75.16,76.11,79.54939789,81.76077839,..,..
Individuals using the Internet (% of population),IT.NET.USER.ZS,Belarus,BLR,1.860398126,4.300616022,8.950971315,..,..,..,16.2,19.7,23,27.43,31.8,39.64889566,46.91,54.17,59.02,62.23036091,71.11304576,74.43644541,79.12988669,..
Individuals using the Internet (% of population),IT.NET.USER.ZS,Belgium,BEL,29.43169169,31.28839551,46.33,49.97,53.86,55.82,59.72,64.44,66,70,75,81.609996,80.71999055,82.1702,85,85.0529,86.51647666,87.67968082,88.65506428,..
Individuals using the Internet (% of population),IT.NET.USER.ZS,Belize,BLZ,5.963835303,..,5.684251214,..,9.8,17,24,24.6,26.3,27.2,28.2,30.7,31,33.6,38.7,41.59,44.57574032,47.0826258,..,..
Individuals using the Internet (% of population),IT.NET.USER.ZS,Benin,BEN,0.225247851,0.36341789,0.702945595,0.951327115,1.182540965,1.271031439,1.537854346,1.79,1.85,2.24,3.13,4.148323066,4.5,4.9,6,11.25498791,11.99404791,20,..,..
Individuals using the Internet (% of population),IT.NET.USER.ZS,Bermuda,BMU,42.94986002,47.5096999,52.03159737,56.52201218,60.99086701,65.44706579,69.89965516,74.35059403,82.3,83.25,84.21,88.336,91.29930452,95.3,96.8,98.32360965,98,98.37,..,..
Individuals using the Internet (% of population),IT.NET.USER.ZS,Bhutan,BTN,0.400944447,0.864628564,1.675802584,2.436912399,3.156984196,3.847106745,4.518317258,5.92,6.55,7.17,13.6,14.4,15.6,22.4,30.3,39.8,41.77264453,48.10641588,..,..
Individuals using the Internet (% of population),IT.NET.USER.ZS,Bolivia,BOL,1.442763585,2.120462534,3.117192947,3.508596401,4.439924601,5.227583957,6.200671255,10.49924432,12.5,16.8,22.4,30,35.34,36.99,34.6,35.56227065,39.6975146,43.83227607,..,..
Individuals using the Internet (% of population),IT.NET.USER.ZS,Bosnia and Herzegovina,BIH,1.08296075,1.200526951,2.648267914,3.965036834,15.46897162,21.326701,25.12238569,27.92,34.66,37.74,42.75,43.88768653,45.06450043,48.52131417,49.91773243,52.6,60.25653543,64.89197728,70.12013504,..
Individuals using the Internet (% of population),IT.NET.USER.ZS,Botswana,BWA,2.902666622,3.430886787,3.385922351,3.345190174,3.304889253,3.262554036,4.289932975,5.28,6.25,6.15,6,9,16,30,36.74474744,37.31205037,39.36299738,47,..,..
Individuals using the Internet (% of population),IT.NET.USER.ZS,Brazil,BRA,2.870685159,4.528494869,9.149425086,13.2075861,19.07367227,21.02274725,28.17838018,30.88,33.83,39.22,40.65,45.69,48.56,51.04,54.55100188,58.32795173,60.87254007,67.47128452,..,..
Individuals using the Internet (% of population),IT.NET.USER.ZS,British Virgin Islands,VGB,..,..,18.88574127,..,..,..,..,..,..,36,37,37.4,37.6,..,..,..,77.70142968,77.70426829,..,..
Individuals using the Internet (% of population),IT.NET.USER.ZS,Brunei Darussalam,BRN,8.996284534,12.91776908,15.32987986,19.59500322,29.71560414,36.46639195,42.18634916,44.68,46,49,53,56,60.27306504,64.5,68.77,71.2,90,94.86669164,94.60004747,..
Individuals using the Internet (% of population),IT.NET.USER.ZS,Bulgaria,BGR,5.370923469,7.612297749,9.08,12.04,18.13,19.97,27.09,33.64,39.67,45,46.23,47.97999305,51.89998767,53.0615,55.49,56.6563,59.82554766,63.41010138,64.78201069,..
Individuals using the Internet (% of population),IT.NET.USER.ZS,Burkina Faso,BFA,0.077080169,0.157732465,0.200992598,0.373440303,0.400295285,0.469914489,0.632707564,0.75,0.92,1.13,2.4,3,3.725034916,9.1,9.4,14,13.96,16,..,..
Individuals using the Internet (% of population),IT.NET.USER.ZS,Burundi,BDI,0.077248447,0.106001245,0.118228412,0.201273197,0.349060462,0.542142866,0.65759259,0.7,0.81,0.9,1,1.11,1.219999945,1.264218111,1.38,4.866224464,5.173626777,2.660748535,..,..
Individuals using the Internet (% of population),IT.NET.USER.ZS,Cabo Verde,CPV,1.822443852,2.685332713,3.518757175,4.324885391,5.31883207,6.074087107,6.808911008,8.28321982,14,21,30,32,34.74,37.5,40.26,42.68,50.32281787,57.16214635,58.17137201,..
Individuals using the Internet (% of population),IT.NET.USER.ZS,Cambodia,KHM,0.04702264,0.076956056,0.226983238,0.260570198,0.300436644,0.317321781,0.46835672,0.49,0.51,0.53,1.26,3.1,4.94,6.8,14,6.43319107,32.39845171,32.44694856,40,..
Individuals using the Internet (% of population),IT.NET.USER.ZS,Cameroon,CMR,0.252120078,0.277051322,0.360871584,0.587622611,0.976075415,1.402654226,2.028744791,2.93,3.4,3.84,4.3,5,7.5,10,16.21487223,20.68014766,23.20297197,23.20297197,..,..
Individuals using the Internet (% of population),IT.NET.USER.ZS,Canada,CAN,51.3,60.2,61.59329927,64.2,65.95596346,71.66,72.4,73.2,76.7,80.3,80.3,83,83,85.8,87.12,90,91.16,91,..,..
Individuals using the Internet (% of population),IT.NET.USER.ZS,Cayman Islands,CYM,..,..,..,..,..,38.03438308,44.5,52,61,64.5,66,69.46594499,69.7,71.4,74.1,77,79,81.06769325,..,..
Individuals using the Internet (% of population),IT.NET.USER.ZS,Central African Republic,CAF,0.053394174,0.078543428,0.128537117,0.151563338,0.223401395,0.268195609,0.311159173,0.375815961,1,1.8,2,2.2,3,3.4,3.6,3.8,4,4.339254945,..,..
Individuals using the Internet (% of population),IT.NET.USER.ZS,Chad,TCD,0.035707076,0.045934134,0.166069665,0.320308555,0.360920107,0.3992577,0.581045764,0.847224521,1.19,1.5,1.7,1.9,2.1,2.5,2.9,3.5,5,6.49999812,..,..
Individuals using the Internet (% of population),IT.NET.USER.ZS,Channel Islands,CHI,..,..,..,..,..,..,..,..,..,..,..,..,..,..,..,..,..,..,..,..
Individuals using the Internet (% of population),IT.NET.USER.ZS,Chile,CHL,16.6,19.1,22.1,25.47377889,28.17791012,31.17534703,34.49775117,35.9,37.3,41.56,45,52.24960729,55.05,58,61.11,76.63,83.55858602,82.32748693,..,..
Individuals using the Internet (% of population),IT.NET.USER.ZS,China,CHN,1.775913207,2.639650215,4.595704331,6.2,7.3,8.523257003,10.52315262,16,22.6,28.9,34.3,38.3,42.30011749,45.8,47.9,50.3,53.2,54.3,..,..
Individuals using the Internet (% of population),IT.NET.USER.ZS,Colombia,COL,2.207532993,2.854199971,4.6,7.388923711,9.118690303,11.00726389,15.34167454,21.8,25.6,30,36.5,40.35091575,48.98,51.7,52.57,55.90497251,58.13649357,62.25988032,..,..
Individuals using the Internet (% of population),IT.NET.USER.ZS,Comoros,COM,0.271740607,0.443068373,0.554869675,0.84818937,1.327327178,2,2.2,2.5,3,3.5,5.1,5.5,5.975296308,6.5,6.98,7.459161386,7.938322771,8.478170295,..,..
Individuals using the Internet (% of population),IT.NET.USER.ZS,"Congo, Dem. Rep.",COD,0.005902114,0.011475782,0.092790702,0.134914837,0.196208375,0.238037799,0.29605361,0.37,0.44,0.56,0.72,1.2,1.679961015,2.2,3,3.799999507,6.20997406,8.619904916,..,..
Individuals using the Internet (% of population),IT.NET.USER.ZS,"Congo, Rep.",COG,0.026354732,0.032223616,0.157249517,0.460014187,1.07750493,1.46342006,2.007990079,2.759704374,4.287509903,4.5,5,5.6,6.106695024,6.6,7.11,7.615974662,8.121949323,8.65,..,..
Individuals using the Internet (% of population),IT.NET.USER.ZS,Costa Rica,CRI,5.800253023,9.559482135,19.89485113,20.33361481,20.79230671,22.07,25.1,28.4,32.29,34.33,36.5,39.212196,47.5,45.96,53,59.76295014,65.88044919,71.3907709,74.08680223,..
Individuals using the Internet (% of population),IT.NET.USER.ZS,Cote d'Ivoire,CIV,0.231461671,0.395747702,0.497929361,0.758669629,0.849282415,1.039238205,1.524900791,1.8,1.9,2,2.7,2.9,5,12,19.2742298,38.44,41.20781493,43.83992085,46.82372708,..
Individuals using the Internet (% of population),IT.NET.USER.ZS,Croatia,HRV,6.644882544,11.55857318,17.76,22.75,30.91,33.14,37.98,41.44,44.24,50.58,56.55,57.78997899,61.93997315,66.7476,68.57,69.8031,72.69726967,67.09619204,72.68877088,..
Individuals using the Internet (% of population),IT.NET.USER.ZS,Cuba,CUB,0.541182549,1.079751722,3.770585038,5.241269054,8.407984759,9.738062208,11.15960131,11.69,12.94,14.33,15.9,16.0172908,21.2,27.93,29.07018437,37.30509742,42.97867519,57.14840432,..,..
Individuals using the Internet (% of population),IT.NET.USER.ZS,Curacao,CUW,..,..,..,..,..,..,..,..,..,..,..,..,..,..,..,..,61.85551074,68.12721625,..,..
Individuals using the Internet (% of population),IT.NET.USER.ZS,Cyprus,CYP,15.25539437,18.81875904,28.32,30.09,33.83,32.81,35.83,40.77,42.31,49.81,52.99,56.85989235,60.6898684,65.4548,69.33,71.7159,75.9002054,80.74318897,84.43358252,..
Individuals using the Internet (% of population),IT.NET.USER.ZS,Czech Republic,CZE,9.780527888,14.69717212,23.93,34.3,35.5,35.27,47.93,51.93,62.97,64.43,68.82,70.49,73.43000782,74.1104,74.23171164,75.6688387,76.4811987,78.71916143,80.68816754,..
Individuals using the Internet (% of population),IT.NET.USER.ZS,Denmark,DNK,39.17243086,42.95752472,64.25,76.26,80.93,82.74,86.65,85.03,85.02,86.84,88.72,89.81001339,92.26001172,94.6297,95.99,96.3305,96.96778525,97.09936216,97.64426813,..
Individuals using the Internet (% of population),IT.NET.USER.ZS,Djibouti,DJI,0.194500528,0.343526263,0.486971705,0.625940229,0.781317175,0.953611449,1.270041159,1.62,2.26,4,6.5,7,8.267232892,9.5,10.71,11.92243143,13.13491511,55.68140925,..,..
Individuals using the Internet (% of population),IT.NET.USER.ZS,Dominica,DMA,8.814844198,13.24522804,18.42489277,23.62041985,30.31961309,38.54364326,39.3981743,40.27446301,41.16,42.02,47.45,48.6,49.8,51,57.5,65,67.03,69.61966879,..,..
Individuals using the Internet (% of population),IT.NET.USER.ZS,Dominican Republic,DOM,3.704692356,4.429390697,6.823725733,7.898392937,8.865553461,11.48319778,14.84492837,17.66,20.82,27.72,31.4,38,42.32,45.9,49.58,54.21576634,63.87086474,67.57123468,74.82428986,..
Individuals using the Internet (% of population),IT.NET.USER.ZS,Ecuador,ECU,1.462188536,2.670443674,4.260796915,4.460228345,4.834442638,5.994255161,7.2,10.8,18.8,24.6,29.03,31.36680836,35.13514645,40.27912194,45.59039067,48.94043379,54.06292473,57.27224368,..,..
Individuals using the Internet (% of population),IT.NET.USER.ZS,"Egypt, Arab Rep.",EGY,0.641265038,0.838945611,2.719999715,4.037885107,11.92,12.75,13.66,16.03,18.01,20,21.6,25.6,26.4,29.4,33.89460391,37.81938343,41.24806709,44.95020425,46.92433809,..
Individuals using the Internet (% of population),IT.NET.USER.ZS,El Salvador,SLV,1.177397269,1.5,1.9,2.5,3.2,4.2,5.5,6.11,10.08,12.11,15.9,18.9,20.32138772,23.1093,24.76171215,26.80260496,28.99707305,33.8207289,..,..
Individuals using the Internet (% of population),IT.NET.USER.ZS,Equatorial Guinea,GNQ,0.132354665,0.165260423,0.321197997,0.520524272,0.843930285,1.149789671,1.279193596,1.557123059,1.82,2.13,6,11.5,13.94318219,16.4,18.86,21.31999999,23.77999997,26.23999996,..,..
Individuals using the Internet (% of population),IT.NET.USER.ZS,Eritrea,ERI,0.136711941,0.157815289,0.227090138,..,..,..,..,0.41,0.47,0.54,0.61,0.7,0.8,0.9,0.99,1.083733116,1.17711872,1.30890698,..,..
Individuals using the Internet (% of population),IT.NET.USER.ZS,Estonia,EST,28.57695381,31.52748977,41.52,45.32,53.2,61.45,63.51,66.19,70.58,72.5,74.1,76.5,78.38992593,80.0043,84.24152803,88.4097035,87.24023275,88.10245687,89.35700777,..
Individuals using the Internet (% of population),IT.NET.USER.ZS,Eswatini,SWZ,0.926191777,1.28159005,1.816203807,2.437073851,3.228685073,3.696961073,3.696538789,4.1,6.85,8.94,11.04,18.13,20.78178258,24.7,26.17500573,25.64304231,28.57352278,47,..,..
Individuals using the Internet (% of population),IT.NET.USER.ZS,Ethiopia,ETH,0.015263767,0.037162381,0.072402262,0.105811659,0.155334521,0.219659819,0.310592657,0.37,0.45,0.54,0.75,1.1,2.9,4.6,7.7,13.85517556,15.36692386,18.61805145,..,..
Individuals using the Internet (% of population),IT.NET.USER.ZS,Faroe Islands,FRO,32.91639236,43.24698352,53.29922183,58.91264097,66.53359947,67.90263174,69.35944512,75.98,75.57,75.18,75.2,80.7321728,85.33518924,90,93.3,94.2,95.10868167,97.58195894,..,..
Individuals using the Internet (% of population),IT.NET.USER.ZS,Fiji,FJI,1.496854734,1.857978594,6.1526497,6.725434738,7.412943485,8.453636634,9.6000384,10.89783105,13,17,20,28,33.74235675,35.2,37.4,42.5,46.50697831,49.96637301,..,..
Individuals using the Internet (% of population),IT.NET.USER.ZS,Finland,FIN,37.24846174,43.10536335,62.43,69.22,72.39,74.48,79.66,80.78,83.67,82.49,86.89,88.70999491,89.87999797,91.5144,86.53039275,86.42213333,87.70364996,87.46892907,88.88996,..
Individuals using the Internet (% of population),IT.NET.USER.ZS,France,FRA,14.30792394,26.32590355,30.18,36.14,39.15,42.87,46.87,66.09,70.68,71.58,77.28,77.81999899,81.44,81.9198,83.75,78.01,79.26981132,80.50245972,82.04353422,..
Individuals using the Internet (% of population),IT.NET.USER.ZS,French Polynesia,PYF,6.357063545,6.251588946,8.200216486,14.12429379,17.88453743,21.54218547,25.10796425,28.59,33.87,44.6,49,49,52.87663059,56.8,60.68,64.56020975,68.44041949,72.70389531,..,..
Individuals using the Internet (% of population),IT.NET.USER.ZS,Gabon,GAB,1.216140618,1.347620222,1.939530106,2.659586594,2.9790698,4.89326475,5.489200803,5.767004576,7.5,9.5,13,18,24,30.53803344,38.07120929,45.78453653,48.05227375,62,..,..
Individuals using the Internet (% of population),IT.NET.USER.ZS,"Gambia, The",GMB,0.921794919,1.336791166,1.796779883,2.436781193,3.308003478,3.799001139,5.237691158,6.205037419,6.88,7.63,9.2,10.8703,12.44922872,14,15.56,16.5,18.5,19.83645444,..,..
Individuals using the Internet (% of population),IT.NET.USER.ZS,Georgia,GEO,0.484746299,0.992344436,1.58787563,2.558816481,3.886221354,6.079457629,7.526876845,8.26,10.01,20.07,26.9,31.52,36.94,43.3,44,47.56975964,58.45928961,59.7055046,63.96862952,..
Individuals using the Internet (% of population),IT.NET.USER.ZS,Germany,DEU,30.2163466,31.65093942,48.82,55.9,64.73,68.71,72.16,75.16,78,79,82,81.26999954,82.34999847,84.17,86.19,87.58979935,84.16520664,84.39550077,89.73912104,..
Individuals using the Internet (% of population),IT.NET.USER.ZS,Ghana,GHA,0.153615298,0.20000806,0.830284034,1.193057911,1.716797704,1.831197461,2.723175973,3.85,4.27,5.44,7.8,9,10.6,15,25.51773743,25,34.66600065,39,..,..
Individuals using the Internet (% of population),IT.NET.USER.ZS,Gibraltar,GIB,19.13163812,21.17110944,23.67023975,28.32577979,32.88608261,39.07013088,45.29864751,51.61,58,65.07,65,65,65.017,..,..,..,94.44447158,..,..,..
Individuals using the Internet (% of population),IT.NET.USER.ZS,Greece,GRC,9.138837308,10.93502581,14.67,17.8,21.42,24,32.25,35.88,38.2,42.4,44.4,51.64999517,55.06999344,59.8663,63.21,66.835,69.08791547,70.54943345,72.9520942,..
Individuals using the Internet (% of population),IT.NET.USER.ZS,Greenland,GRL,31.74781123,35.46413689,44.15478903,54.53425983,56.09901476,57.7034045,59.36168727,61.07,62.82,62.83,63,64,64.8960101,65.8,66.7,67.60044348,68.50087368,69.48246178,..,..
Individuals using the Internet (% of population),IT.NET.USER.ZS,Grenada,GRD,4.063907991,5.128103982,14.75884055,18.64518218,19.57062058,20.48780488,21.39599117,22.29,23.18,24.05,27,30,32,35,51.6,53.81,55.85640782,59.07173536,..,..
Individuals using the Internet (% of population),IT.NET.USER.ZS,Guam,GUM,16.11312704,25.38022753,31.19229426,33.71668179,36.16178784,38.55987756,43.851443,46.15047362,48.41870215,50.64202838,54.04,57.7,61.53415931,65.4,69.27,73.13999995,77.00999989,80.50546556,..,..
Individuals using the Internet (% of population),IT.NET.USER.ZS,Guatemala,GTM,0.712332905,1.738201782,3.39174627,4.548854908,5.1,5.7,6.5,7.3,8.3,9.3,10.5,12.3,16,19.7,23.4,28.80594156,34.50932609,65,..,..
Individuals using the Internet (% of population),IT.NET.USER.ZS,Guinea,GIN,0.095424924,0.175541868,0.402022749,0.450960371,0.508819332,0.542254181,0.637492123,0.780025279,0.92,0.94,1,2,3.1,4.5,6.4,8.2,9.8,18,..,..
Individuals using the Internet (% of population),IT.NET.USER.ZS,Guinea-Bissau,GNB,0.230103171,0.299569145,1.022993234,1.354197478,1.808142203,1.901365316,2.057196705,2.206302237,2.354888711,2.303280592,2.45,2.672,2.893990621,3.1,3.32,3.540706917,3.761413832,3.930509152,..,..
Individuals using the Internet (% of population),IT.NET.USER.ZS,Guyana,GUY,6.611491566,13.2069865,..,..,..,..,..,13.8,18.2,23.9,29.9,30,30.5,31,32,34,35.66,37.32583679,..,..
Individuals using the Internet (% of population),IT.NET.USER.ZS,Haiti,HTI,0.231270715,0.340832326,0.893432988,1.647358346,5.401261908,6.376201635,6.796000481,7.2,7.6,8.1,8.37,9,9.8,10.6,11.4,12.1977,12.23260161,12.32610358,32.47362713,..
Individuals using the Internet (% of population),IT.NET.USER.ZS,Honduras,HND,1.203855999,1.415281931,2.597402597,4.8,5.6,6.5,7.8,9.4,9.6,9.8,11.09,15.9,18.12,17.8,19.08,27.1,29.5,31.7,..,..
Individuals using the Internet (% of population),IT.NET.USER.ZS,"Hong Kong SAR, China",HKG,27.82776068,38.67140323,43.08238303,52.20004335,56.39988039,56.9,60.8,64.8,66.7,69.4,72,72.2,72.9,74.2,79.86627043,84.94835296,87.47941467,89.41594465,..,..
Individuals using the Internet (% of population),IT.NET.USER.ZS,Hungary,HUN,6.999676351,14.5285543,16.67,21.63,27.74,38.97,47.06,53.3,61,62,65,68.01998789,70.57999815,72.6439,75.65319745,72.8347,79.25941213,76.75054712,76.07436064,..
Individuals using the Internet (% of population),IT.NET.USER.ZS,Iceland,ISL,44.47053382,49.39299537,79.12,83.14,83.88,87,89.51,90.6,91,93,93.39,94.8196868,96.20979955,96.5468,98.16,98.2,98.2400163,98.26,99.01095399,..
Individuals using the Internet (% of population),IT.NET.USER.ZS,India,IND,0.52753245,0.660146377,1.537875582,1.686489971,1.976136492,2.388075,2.805499865,3.95,4.38,5.12,7.5,10.07,12.58006091,15.1,21,17,22,34.45,..,..
Individuals using the Internet (% of population),IT.NET.USER.ZS,Indonesia,IDN,0.925563864,2.018613859,2.134135733,2.38701978,2.600285876,3.602024763,4.764813134,5.786274729,7.917479385,6.92,10.92,12.28,14.52,14.94,17.14,21.97606771,25.4473537,32.2924419,39.78748305,..
Individuals using the Internet (% of population),IT.NET.USER.ZS,"Iran, Islamic Rep.",IRN,0.93419002,1.484221332,4.626175115,6.933721953,7.49,8.1,8.76,9.47,12.02,13.8,15.9,19,22.73,29.95,39.35,45.33497588,53.22677167,64.04397362,70.00455222,..
Individuals using the Internet (% of population),IT.NET.USER.ZS,Iraq,IRQ,..,0.1,0.5,0.6,0.9,0.9,0.952344244,0.93,1,1.06,2.5,5,7.1,9.2,13.21,58,21.23,49.35999889,..,..
Individuals using the Internet (% of population),IT.NET.USER.ZS,Ireland,IRL,17.85046724,23.13881219,25.85,34.31,36.99,41.61,54.82,61.15832455,65.34,67.38,69.85,74.88997297,76.91999254,78.2477,83.49172234,83.49479167,85.01113212,84.11400706,84.52230206,..
Individuals using the Internet (% of population),IT.NET.USER.ZS,Isle of Man,IMN,..,..,..,..,..,..,..,..,..,..,..,..,..,..,..,..,..,..,..,..
Individuals using the Internet (% of population),IT.NET.USER.ZS,Israel,ISR,20.87379,17.37862386,17.76459906,19.59339366,22.77048553,25.19404242,27.88107446,48.12806219,59.39,63.12,67.5,68.87387799,70.8,70.25031195,75.01775316,77.35208966,79.65312418,81.58118359,..,..
Individuals using the Internet (% of population),IT.NET.USER.ZS,Italy,ITA,23.11087424,27.22211698,28.04,29.04,33.24,35,37.99,40.79,44.53,48.83,53.68,54.3899983,55.82999799,58.4593,55.63846022,58.14173496,61.32425277,63.077347,74.38718292,..
Individuals using the Internet (% of population),IT.NET.USER.ZS,Jamaica,JAM,3.115778027,3.863020387,6.1,7.8,10,12.8,16.4,21.1,23.6,24.3,27.67,37.43861341,33.79,37.1,40.4027351,42.22122119,44.36685637,55.07206705,..,..
Individuals using the Internet (% of population),IT.NET.USER.ZS,Japan,JPN,29.99074036,38.53206086,46.59420112,48.43526589,62.39392963,66.9210661,68.68527032,74.3,75.4,78,78.21,79.05411352,79.4964,88.21942891,89.10683302,91.05802839,93.18272128,84.58806583,..,..
Individuals using the Internet (% of population),IT.NET.USER.ZS,Jordan,JOR,2.623275422,4.705719581,6.025532412,8.466005016,11.65874137,12.93285205,13.86710879,20,23,26,27.2,34.9,37,41.4,46.2,60.11438269,62.30219257,66.79031443,..,..
Individuals using the Internet (% of population),IT.NET.USER.ZS,Kazakhstan,KAZ,0.668594403,1.006124211,1.674770995,2.000414753,2.650394657,2.961707492,3.268369051,4.02,11,18.2,31.6,50.6,61.90662747,63.30422443,66,70.8299336,74.58772647,76.42674823,78.90391906,..
Individuals using the Internet (% of population),IT.NET.USER.ZS,Kenya,KEN,0.318059714,0.619782266,1.207773885,2.941902861,3.023528042,3.101897702,3.6,4.4,5.2,6.1,7.2,8.8,10.5,13,16.5,16.58785485,16.6,17.82710021,..,..
Individuals using the Internet (% of population),IT.NET.USER.ZS,Kiribati,KIR,1.785225474,2.337458948,2.5,3,3.5,4,4.5,6,7,8.97,9.07,10,10.74679768,11.5,12.25,12.99748389,13.7,14.58181818,..,..
Individuals using the Internet (% of population),IT.NET.USER.ZS,"Korea, Dem. People’s Rep.",PRK,0,0,0,0,0,0,0,0,0,0,0,0,0,..,..,..,..,..,..,..
Individuals using the Internet (% of population),IT.NET.USER.ZS,"Korea, Rep.",KOR,44.7,56.6,59.4,65.5,72.7,73.5,78.1,78.8,81,81.6,83.7,83.75912015,84.07,84.77,87.55682649,89.9,92.84302568,95.06942188,95.8982922,..
Individuals using the Internet (% of population),IT.NET.USER.ZS,Kosovo,XKX,..,..,..,..,..,..,..,..,..,..,..,..,..,..,..,..,..,83.89359681,89.44303197,..
Individuals using the Internet (% of population),IT.NET.USER.ZS,Kuwait,KWT,6.731395768,8.551792434,10.24896793,22.40293838,22.92711204,25.92610837,28.79119795,34.8,42,50.8,61.4,65.76907069,70.45,75.46,78.7,72,78.36738376,100,99.59999254,..
Individuals using the Internet (% of population),IT.NET.USER.ZS,Kyrgyz Republic,KGZ,1.041401145,3.002941327,2.99926518,3.908766268,5.090385307,10.53380134,12.306907,14.03,15.7,16,16.3,17.5,19.8,23,28.3,30.24704278,37,38,..,..
Individuals using the Internet (% of population),IT.NET.USER.ZS,Lao PDR,LAO,0.111044032,0.181664461,0.267899241,0.333912466,0.36143449,0.85035749,1.169893428,1.64,3.55,6,7,9,10.74767619,12.5,14.26,18.2,21.87,25.51043508,..,..
Individuals using the Internet (% of population),IT.NET.USER.ZS,Latvia,LVA,6.319062083,7.219345808,21.94,26.98,38.58,46,53.63,59.17,63.41,66.84,68.42,69.74995456,73.11994377,75.2344,75.83,79.2006,79.84209778,80.114077,83.57717486,..
Individuals using the Internet (% of population),IT.NET.USER.ZS,Lebanon,LBN,7.952743736,6.783219775,7,8,9,10.14,15,18.74,22.53,30.14,43.68,52,61.24978572,70.5,73,74,76.11,78.18077489,..,..
Individuals using the Internet (% of population),IT.NET.USER.ZS,Lesotho,LSO,0.21180607,0.261150063,1.083943137,1.53249659,2.175524339,2.580245484,2.979708187,3.44543126,3.58,3.72,3.86,7,10,15,22,25,27.36,29,..,..
Individuals using the Internet (% of population),IT.NET.USER.ZS,Liberia,LBR,0.017702706,0.033812227,0.032713307,0.031868935,0.031011185,..,..,0.551376581,0.53,2,2.3,2.5,2.6,3.2,5.41,33,7.319106411,7.984479722,..,..
Individuals using the Internet (% of population),IT.NET.USER.ZS,Libya,LBY,0.187042622,0.366533175,2.244418222,2.814517987,3.532838162,3.917787977,4.301051789,4.721999379,9,10.8,14,14,..,16.5,17.76,19.01607978,20.27215956,21.75892062,..,..
Individuals using the Internet (% of population),IT.NET.USER.ZS,Liechtenstein,LIE,36.51522989,45.11685265,59.47071067,58.80969184,64.00744814,63.37135615,64.21416136,65.08021844,70,75,80,85,89.4077,93.8,95.21,96.6411951,98.09390389,98.1,..,..
Individuals using the Internet (% of population),IT.NET.USER.ZS,Lithuania,LTU,6.427067495,7.179356994,17.69,25.91,31.23,36.22,43.9,49.9,55.22,59.76,62.12,63.6399774,67.22998933,68.4529,72.13,71.378,74.37664556,77.61525651,79.72258277,..
Individuals using the Internet (% of population),IT.NET.USER.ZS,Luxembourg,LUX,22.88732797,36.16342251,39.84,54.55,65.88,70,72.51,78.92,82.23,87.31,90.62,90.02985856,91.94992374,93.7765,94.67,96.38,98.13669867,97.36296032,97.06129871,..
Individuals using the Internet (% of population),IT.NET.USER.ZS,"Macao SAR, China",MAC,13.60858974,22.52121677,25.17188016,25.74212398,31.48409738,34.86292717,46.4,47.327,49.24,54,55.198,60.20369672,61.31,65.8,69.78,77.60013186,81.64298546,83.17408907,83.79408961,..
Individuals using the Internet (% of population),IT.NET.USER.ZS,Madagascar,MDG,0.196394691,0.222511586,0.339720155,0.423252419,0.525353655,0.567721802,0.607552239,0.65,1.65,1.63,1.7,1.9,2.3,3,3.7,4.17397219,4.713662899,9.8,..,..
Individuals using the Internet (% of population),IT.NET.USER.ZS,Malawi,MWI,0.126780945,0.164020725,0.215094727,0.278815116,0.347505335,0.384489334,0.42513749,0.965864737,0.7,1.07,2.26,3.33,4.3506,5.05,5.83,5.3,11.47,13.78216439,..,..
Individuals using the Internet (% of population),IT.NET.USER.ZS,Malaysia,MYS,21.38473116,26.6959725,32.33820434,34.97115234,42.25226563,48.62917025,51.63798899,55.7,55.8,55.9,56.3,61,65.8,57.05751226,63.66542588,71.06406781,78.78830993,80.14047901,81.20170665,..
Individuals using the Internet (% of population),IT.NET.USER.ZS,Maldives,MDV,2.203872939,3.617290649,5.347765169,5.97659285,6.588254875,6.869605067,11.03635278,16.3,23.2,24.8,26.53,34,38.9301,44.1,49.28,54.46195515,59.09258997,63.18566588,..,..
Individuals using the Internet (% of population),IT.NET.USER.ZS,Mali,MLI,0.142545755,0.185897413,0.227045578,0.310364443,0.43281964,0.507063136,0.729627281,0.81,1.57,1.8,2,2.2,2.8,3.5,7,10.33,11.11218649,13,..,..
Individuals using the Internet (% of population),IT.NET.USER.ZS,Malta,MLT,13.11370871,17.87784832,28.92,31.64,34.62,41.24,40.41,46.9,50.08,58.86,63,68.01982379,68.19987429,68.9138,73.17,75.96,78.0751488,81.01191108,81.40313252,..
Individuals using the Internet (% of population),IT.NET.USER.ZS,Marshall Islands,MHL,1.534271796,1.706614078,2.335444575,2.569750367,3.599776814,3.878702398,3.795590214,3.95,4.6,5.6,7,10,12.5,14,16.8,19.2824418,29.78777936,38.70116262,..,..
Individuals using the Internet (% of population),IT.NET.USER.ZS,Mauritania,MRT,0.192031462,0.261448552,0.363229415,0.424004896,0.481470438,0.669966475,0.979661253,1.433613196,1.87,2.28,4,4.5,5,6.2,10.7,15.19912669,18,20.80096366,..,..
Individuals using the Internet (% of population),IT.NET.USER.ZS,Mauritius,MUS,7.281535115,8.780904019,10.25262467,12.1871062,13.68908859,15.17222875,16.7,20.22,21.81,22.51,28.33,34.95,35.42,40.11682514,44.80327537,50.13931848,52.19132594,55.4032403,58.5961697,..
Individuals using the Internet (% of population),IT.NET.USER.ZS,Mexico,MEX,5.081384153,7.038023117,11.9,12.9,14.1,17.21,19.52,20.81,21.71,26.34,31.05,37.17629541,39.75,43.46,44.39,57.43104299,59.540446,63.85224909,65.77263448,..
Individuals using the Internet (% of population),IT.NET.USER.ZS,"Micronesia, Fed. Sts.",FSM,3.734862137,4.660527199,5.570099705,9.2325021,11.01786731,11.8813691,12.75033925,13.62113273,14.49,15.35,20,22.8,25.974423,27.8,29.65,31.50108128,33.35216255,35.30405287,..,..
Individuals using the Internet (% of population),IT.NET.USER.ZS,Moldova,MDA,1.282846417,1.487812952,3.787242799,7.407544584,10.62939084,14.63027046,19.62064771,20.45,23.39,27.5,32.3,38,43.37,60,67,69,70.99999911,76.12451989,..,..
Individuals using the Internet (% of population),IT.NET.USER.ZS,Monaco,MCO,42.18486345,46.64614236,48.04711717,49.49116892,52.49019668,55.46482606,61.47603971,64.3776824,67.25,70.1,75,80.3,87,90.7,92.4,93.36330202,95.20817797,97.05297684,..,..
Individuals using the Internet (% of population),IT.NET.USER.ZS,Mongolia,MNG,1.255652004,1.653238239,2.039572603,..,..,..,..,9,9.8,10,10.2,12.49999111,16.4,17.69998424,19.94244743,22.50000413,22.2657705,23.71426517,..,..
Individuals using the Internet (% of population),IT.NET.USER.ZS,Montenegro,MNE,..,..,..,..,25.3500686,27.1,28.9,30.8,32.9,35.1,37.5,35.61154125,56.83878255,60.31,61,68.11958104,69.88164684,71.27233254,71.517253,..
Individuals using the Internet (% of population),IT.NET.USER.ZS,Morocco,MAR,0.693791245,1.371438101,2.373253192,3.353366681,11.60793477,15.08444452,19.77119157,21.5,33.1,41.3,52,46.1074826,55.41605319,56,56.8,57.08,58.27123642,61.76221201,64.80386519,..
Individuals using the Internet (% of population),IT.NET.USER.ZS,Mozambique,MOZ,0.10959253,0.160031947,0.259612611,0.419538844,0.679447835,0.854357118,0.842954488,0.91,1.56,2.68,4.17,4.3,6,7.29393733,9.236314896,16.93353299,17.52123909,10,..,..
Individuals using the Internet (% of population),IT.NET.USER.ZS,Myanmar,MMR,..,0.000289277,0.000426494,0.024064149,0.024337392,0.065238856,0.182048331,0.217128445,0.22,0.22,0.25,0.98,4,8,11.52,21.72583401,25.07330424,30.67818311,..,..
Individuals using the Internet (% of population),IT.NET.USER.ZS,Namibia,NAM,1.644739547,2.416979442,2.633699769,3.359839886,3.804715615,4.010046644,4.398870647,4.835610778,5.329003772,6.5,11.6,12,12.9414,13.9,14.84,25.68785182,31.03334594,51,..,..
Individuals using the Internet (% of population),IT.NET.USER.ZS,Nauru,NRU,..,2.987155233,..,..,..,..,..,..,..,..,..,54,..,..,..,..,..,57,..,..
Individuals using the Internet (% of population),IT.NET.USER.ZS,Nepal,NPL,0.204651684,0.240015303,0.31295606,0.382810917,0.449843651,0.826551266,1.141389164,1.41,1.73,1.97,7.93,9,11.1493,13.3,15.44,17.58161801,19.68876384,34,..,..
Individuals using the Internet (% of population),IT.NET.USER.ZS,Netherlands,NLD,43.98435137,49.37306211,61.29,64.35,68.52,81,83.7,85.82,87.42,89.63,90.72,91.41999576,92.85999236,93.9564,91.666666,91.72413793,90.4109589,93.19727891,94.71207372,..
Individuals using the Internet (% of population),IT.NET.USER.ZS,New Caledonia,NCL,13.93954882,18.23710978,22.38979742,26.40833447,30.29804621,32.35901475,33.51571468,35.05,34.51,33.99,42,50,58,66,70,74.00175279,..,82.0058408,..,..
Individuals using the Internet (% of population),IT.NET.USER.ZS,New Zealand,NZL,47.37955654,53.24101529,59.08075328,60.96253987,61.84762781,62.72021237,69,69.76,72.03,79.7,80.46,81.23,81.64447018,82.78,85.5,88.22288882,88.47018635,90.81109307,..,..
Individuals using the Internet (% of population),IT.NET.USER.ZS,Nicaragua,NIC,0.980216487,1.448799428,1.714729584,1.880412532,2.320664609,2.566351177,2.805573063,3.9,5.3,7.3,10,10.6,13.5,15.5,17.6,19.7042915,24.57183396,27.86304001,..,..
Individuals using the Internet (% of population),IT.NET.USER.ZS,Niger,NER,0.036261294,0.105185431,0.127152469,0.155698704,0.189933734,0.221341351,0.294033977,0.39039062,0.7,0.76,0.83,0.9,1.05,1.15,1.248675689,2.476219975,4.32275803,10.22431156,5.250487687,..
Individuals using the Internet (% of population),IT.NET.USER.ZS,Nigeria,NGA,0.064080808,0.08990137,0.320461976,0.558576245,1.286137641,3.549155718,5.545036083,6.77,8,9.3,11.5,13.8,16.1,19.1,21,36,25.67,42,..,..
Individuals using the Internet (% of population),IT.NET.USER.ZS,North Macedonia,MKD,2.485566316,3.468184608,17.33,19.07,24.44,26.45,28.62,36.3,46.04,51.77,51.9,56.7,57.44994731,65.24,68.06,70.3802,72.15681447,74.51682418,79.16775519,..
Individuals using the Internet (% of population),IT.NET.USER.ZS,Northern Mariana Islands,MNP,..,..,..,..,..,..,..,..,..,..,..,..,..,..,..,..,..,..,..,..
Individuals using the Internet (% of population),IT.NET.USER.ZS,Norway,NOR,52,64,72.84,78.13,77.69,81.99,82.55,86.93,90.57,92.08,93.39,93.48998265,94.64997805,95.0534,96.3,96.8103,97.29820367,96.3576013,96.49165799,..
Individuals using the Internet (% of population),IT.NET.USER.ZS,Oman,OMN,3.520421417,5.893841521,6.873396039,7.255742945,6.75885217,6.68358142,8.299716673,16.68,20,26.8,35.8278,48,60,66.45,70.22,73.53,76.84539047,80.18563573,..,..
Individuals using the Internet (% of population),IT.NET.USER.ZS,Pakistan,PAK,..,1.318550779,2.577426737,5.041158126,6.164320985,6.332329098,6.5,6.8,7,7.5,8,9,9.96,10.9,12,14,12.38544676,15.51,..,..
Individuals using the Internet (% of population),IT.NET.USER.ZS,Palau,PLW,..,..,20.24393947,21.60152718,26.97033263,..,..,..,..,..,..,..,..,..,..,..,..,..,..,..
Individuals using the Internet (% of population),IT.NET.USER.ZS,Panama,PAN,6.554796477,7.268399878,8.518077815,9.987424077,11.14086254,11.48400928,17.34956617,22.29,33.82,39.08,40.1,42.7,40.30189522,44.03,44.92,51.20542499,54,57.86509007,..,..
Individuals using the Internet (% of population),IT.NET.USER.ZS,Papua New Guinea,PNG,0.835249302,0.904103545,1.321656935,1.374404668,1.507912772,1.716190476,1.754487261,1.790559361,1.15,1.61,1.28,2,3.5,5.1,6.5,7.9,9.601538462,11.20919659,..,..
Individuals using the Internet (% of population),IT.NET.USER.ZS,Paraguay,PRY,0.747630712,1.098793836,1.794969598,2.111942082,3.452438431,7.907007861,7.962073884,11.21,14.27,18.9,19.8,24.76351588,29.34,36.9,43,49.72,53.40412748,61.07575622,64.99354302,..
Individuals using the Internet (% of population),IT.NET.USER.ZS,Peru,PER,3.076430611,7.578762957,8.96694917,11.6,14.1,17.1,20.7,25.2,30.57,31.4,34.77,36.01,38.2,39.2,40.2,40.85260091,45.46174069,48.72763146,52.54031157,..
Individuals using the Internet (% of population),IT.NET.USER.ZS,Philippines,PHL,1.982253196,2.52400566,4.332275746,4.857672267,5.243628452,5.397636329,5.740586325,5.97,6.22,9,25,29,36.2351,48.09902359,49.6,36,55.5,60.05476033,..,..
Individuals using the Internet (% of population),IT.NET.USER.ZS,Poland,POL,7.285428708,9.900669707,21.15,24.87,32.53,38.81,44.58,48.6,53.13,58.97,62.32,61.94999897,62.30999727,62.8492,66.6,67.997,73.3007041,75.98536595,77.54173454,..
Individuals using the Internet (% of population),IT.NET.USER.ZS,Portugal,PRT,16.43046769,18.08713656,19.37,29.67,31.78,34.99,38.01,42.09,44.13,48.27,53.3,55.24999688,60.33999749,62.0956,64.59,68.6329,70.42356709,73.79121395,74.66096828,..
Individuals using the Internet (% of population),IT.NET.USER.ZS,Puerto Rico,PRI,10.47464821,15.63003092,17.54764757,19.70702566,22.13073823,23.40005045,25.44241821,27.86,38,41.5,45.3,48,68.9999826,68.99999,..,63.47,68.6438072,70.59787359,..,..
Individuals using the Internet (% of population),IT.NET.USER.ZS,Qatar,QAT,4.863679179,6.170268561,10.22612893,19.24233642,20.70164785,24.73349378,28.97411271,37,44.3,53.1,69,69,69.3,85.3,91.49,92.88482645,95.12466217,97.38884917,99.65284913,..
Individuals using the Internet (% of population),IT.NET.USER.ZS,Romania,ROU,3.613717291,4.538669029,6.58,8.9,15,21.5,24.66,28.3,32.42,36.6,39.93,40.00999678,45.87999425,49.7645,54.08,55.7632,59.50395129,63.74728218,70.68127793,..
Individuals using the Internet (% of population),IT.NET.USER.ZS,Russian Federation,RUS,1.977230109,2.944367787,4.128271818,8.298860616,12.8593889,15.2266732,18.02327746,24.66,26.83,29,43,49,63.8,67.97,70.52,70.1,73.09143462,76.00813853,80.86472186,..
Individuals using the Internet (% of population),IT.NET.USER.ZS,Rwanda,RWA,0.06283146,0.24067241,0.292784719,0.356918467,0.430854243,0.556041165,..,2.115387178,4.5,7.7,8,7,8.023854277,9,10.6,18,20,21.76763262,..,..
Individuals using the Internet (% of population),IT.NET.USER.ZS,Samoa,WSM,0.566392533,1.689902831,2.244832676,2.799630449,3.07552941,3.352592112,4.469173873,4.749983235,5.031615316,6,7,11,12.92249,15.3,21.2,25.40700977,29.41173011,33.61093932,..,..
Individuals using the Internet (% of population),IT.NET.USER.ZS,San Marino,SMR,48.79949531,50.34166909,50.83483994,50.00345304,50.56634304,50.2595642,50.20865936,50.36482211,54.52,54.21,..,49.6,..,..,..,..,..,60.18230126,..,..
Individuals using the Internet (% of population),IT.NET.USER.ZS,Sao Tome and Principe,STP,4.638516816,6.310917888,7.580665169,10.16184431,13.32285269,13.75948422,14.18201978,14.5904832,15.48,16.41,18.75,20.1612,21.5724,23,24.41,25.82,28,29.9312292,..,..
Individuals using the Internet (% of population),IT.NET.USER.ZS,Saudi Arabia,SAU,2.210691809,4.681053166,6.38470502,8.001582891,10.234533,12.70503599,19.45955435,30,36,38,41,47.5,54,60.5,64.71365737,69.6162358,74.87927469,82.12000121,93.31000185,..
Individuals using the Internet (% of population),IT.NET.USER.ZS,Senegal,SEN,0.403967486,0.983794059,1.006454537,2.10143643,4.38602398,4.786684083,5.611738652,6.89,7.12,7.5,8,9.8,10.8,13.1,17.7,27,25.66476804,46,..,..
Individuals using the Internet (% of population),IT.NET.USER.ZS,Serbia,SRB,..,..,..,..,23.5,26.3,27.2,33.15,35.6,38.1,40.9,42.2,48.1,53.45036418,62.07508046,65.3170254,67.05684137,70.33083553,73.36070915,..
Individuals using the Internet (% of population),IT.NET.USER.ZS,Seychelles,SYC,7.395629183,11.01510293,14.30417083,14.59250432,24.27213922,25.41326815,34.95197117,38.38,40.44,..,41,43.16400446,47.076,50.4,51.25470199,54.25961786,56.51470815,58.76981124,..,..
Individuals using the Internet (% of population),IT.NET.USER.ZS,Sierra Leone,SLE,0.118254246,0.160264445,0.176198957,0.190173282,0.203007681,0.21539161,0.227669467,0.239834699,0.25,0.26,0.58,0.9,2.5,4,6.057298984,6.344421603,11.77318438,9,..,..
Individuals using the Internet (% of population),IT.NET.USER.ZS,Singapore,SGP,36,41.67042518,47,53.83794329,62,61,59,69.9,69,69,71,71,72,80.90205685,79.02923586,79.012957,84.45226789,84.44953878,88.16563603,..
Individuals using the Internet (% of population),IT.NET.USER.ZS,Sint Maarten (Dutch part),SXM,..,..,..,..,..,..,..,..,..,..,..,..,..,..,..,..,..,..,..,..
Individuals using the Internet (% of population),IT.NET.USER.ZS,Slovak Republic,SVK,9.426803201,12.52832185,40.14,43.04,52.89,55.19,56.08,61.8,66.05,70,75.71,74.43999717,76.70999012,77.8826,79.98,77.6347,80.47585728,81.62566752,80.66033556,..
Individuals using the Internet (% of population),IT.NET.USER.ZS,Slovenia,SVN,15.11025956,30.17591047,27.83888542,31.85479301,40.81,46.81,54.01,56.74,58,64,70,67.33999481,68.34997453,72.6756,71.59,73.0987,75.49850426,78.88542636,79.7499766,..
Individuals using the Internet (% of population),IT.NET.USER.ZS,Solomon Islands,SLB,0.481296806,0.468551964,0.501919843,0.555609882,0.649672673,0.844307573,1.646347989,2,3,4,5,6,6.9974,8,9,10.00046498,11.00090227,11.92422906,..,..
Individuals using the Internet (% of population),IT.NET.USER.ZS,Somalia,SOM,0.02,0.079039179,0.115614213,0.376198003,1.053454744,1.077327839,1.100216368,1.122235622,1.142687372,1.160610542,..,1.25,1.3767,1.5,1.63,1.76,1.88,2.004048698,..,..
Individuals using the Internet (% of population),IT.NET.USER.ZS,South Africa,ZAF,5.348559732,6.346619318,6.710322437,7.007691726,8.425118683,7.48854253,7.607139675,8.065375174,8.43,10,24,33.97,41,46.5,49,51.91911572,54,56.16739447,..,..
Individuals using the Internet (% of population),IT.NET.USER.ZS,South Sudan,SSD,..,..,..,..,..,..,..,..,..,..,..,..,..,3.829969245,4.51615373,5.5,6.679728051,7.977428907,..,..
Individuals using the Internet (% of population),IT.NET.USER.ZS,Spain,ESP,13.62496081,18.14872269,20.39,39.93,44.01,47.88,50.37,55.11,59.6,62.4,65.8,67.08999939,69.80999994,71.635,76.19,78.6896,80.56133294,84.6022428,86.10723553,..
Individuals using the Internet (% of population),IT.NET.USER.ZS,Sri Lanka,LKA,0.647410011,0.793821864,1.050422706,1.458580228,1.44615998,1.792046794,2.537566129,3.88,5.8,8.78,12,15,18.2854,21.9,25.8,12.1,16.4,34.1133479,..,..
Individuals using the Internet (% of population),IT.NET.USER.ZS,St. Kitts and Nevis,KNA,5.86281024,7.714726556,21.15238176,22.96978429,24.73767754,34,38.5,43.5,49.2,55.7,63,63.2,64,64.6,68,75.7,76.81767491,80.71019081,..,..
Individuals using the Internet (% of population),IT.NET.USER.ZS,St. Lucia,LCA,5.090483341,8.181863954,14.64183577,20.98247346,21.39521236,21.56758295,24.5,27.9,30,31,32.5,34,34.82,36,39.7,42.53093047,46.72907806,50.81524478,..,..
Individuals using the Internet (% of population),IT.NET.USER.ZS,St. Martin (French part),MAF,..,..,..,..,..,..,..,..,..,..,..,..,..,..,..,..,..,..,..,..
Individuals using the Internet (% of population),IT.NET.USER.ZS,St. Vincent and the Grenadines,VCT,3.245037411,5.094809778,5.54959488,6.462274167,7.371165842,9.198278082,12,16,21,31,33.7,36.7,40,43.5,47.4,17.13206652,20.68943522,22.00427798,22.39426119,..
Individuals using the Internet (% of population),IT.NET.USER.ZS,Sudan,SDN,0.025785032,0.140185224,0.439477639,0.538471703,0.791561615,1.292040678,..,8.66,..,..,16.7,17.46,21,22.7,24.64,26.61,14.09999994,30.87029573,..,..
Individuals using the Internet (% of population),IT.NET.USER.ZS,Suriname,SUR,2.506411052,3.064448389,4.161568745,4.719875395,6.076047814,6.403086288,9.499626942,14.11,21.06,31.36,31.59,32,34.6812,37.4,40.08,42.76382778,45.4,48.94517397,..,..
Individuals using the Internet (% of population),IT.NET.USER.ZS,Sweden,SWE,45.68765221,51.76566494,70.57,79.13,83.89,84.83,87.76,82.01,90,91,90,92.76998606,93.17998801,94.7836,92.52,90.6102,89.65094761,95.51006745,92.14167705,..
Individuals using the Internet (% of population),IT.NET.USER.ZS,Switzerland,CHE,47.1,55.1,61.4,65.1,67.8,70.1,75.7,77.2,79.2,81.3,83.9,85.19302818,85.2,86.34,87.4,87.4790556,89.13468774,89.68614767,..,..
Individuals using the Internet (% of population),IT.NET.USER.ZS,Syrian Arab Republic,SYR,0.18169858,0.35375913,2.093101019,3.397972614,4.321593778,5.648106049,7.832551569,11.5,14,17.3,20.7,22.5,24.3001,26.2,28.09,29.97979724,31.86962727,34.25340193,..,..
Individuals using the Internet (% of population),IT.NET.USER.ZS,Tajikistan,TJK,0.048599595,0.051259133,0.055462827,0.064583777,0.077479907,0.298690024,3.772406207,7.197619518,8.78,10.07,11.55,13.03,14.51,16,17.49,18.98,20.47,21.96,..,..
Individuals using the Internet (% of population),IT.NET.USER.ZS,Tanzania,TZA,0.11719444,0.171300351,0.222484414,0.676962857,0.877574971,1.1,1.3,1.6,1.9,2.4,2.9,3.2,3.95,4.4,7,20,13,25,..,..
Individuals using the Internet (% of population),IT.NET.USER.ZS,Thailand,THA,3.689041279,5.556326121,7.531250335,9.299027238,10.67730332,15.02600436,17.16071472,20.03,18.2,20.1,22.4,23.66992562,26.46,28.94,34.89,39.31612674,47.50496562,52.89192934,56.81748093,..
Individuals using the Internet (% of population),IT.NET.USER.ZS,Timor-Leste,TLS,..,..,0,..,..,0.099031768,0.5,1,1.5,2,3,4,7,11,17.5,23,25.24624959,27.49273173,..,..
Individuals using the Internet (% of population),IT.NET.USER.ZS,Togo,TGO,0.8,0.9,1,1.2,1.5,1.8,2,2.2,2.4,2.6,3,3.5,4,4.5,5.7,7.12,11.31,12.36022497,..,..
Individuals using the Internet (% of population),IT.NET.USER.ZS,Tonga,TON,2.434398044,2.825371839,2.907297316,2.985817368,3.952373895,4.907782762,5.853944095,7.179865329,8.110769944,10,16,25,30,32.75396061,35.95444145,38.65127243,39.95,41.24872764,..,..
Individuals using the Internet (% of population),IT.NET.USER.ZS,Trinidad and Tobago,TTO,7.721411474,15.38462722,21.99867548,25.97176411,27.02427008,28.97671243,30.00374858,32.3,34.8,44.3,48.5,55.2,59.5162,63.8,65.1,69.19847061,73.29694122,77.32605293,..,..
Individuals using the Internet (% of population),IT.NET.USER.ZS,Tunisia,TUN,2.750740293,4.297966035,5.252887295,6.490845795,8.528817752,9.655086542,12.98640865,17.1,27.53,34.07,36.8,39.1,41.4416,43.8,46.16,46.5,49.59999484,64.19081023,64.19081023,..
Individuals using the Internet (% of population),IT.NET.USER.ZS,Turkey,TUR,3.761685035,5.189481461,11.38,12.33,14.58,15.46,18.24,28.63,34.37,36.4,39.82,43.06571043,45.13,46.25,51.04,53.74497914,58.34773401,64.68461768,71.04276107,..
Individuals using the Internet (% of population),IT.NET.USER.ZS,Turkmenistan,TKM,0.133282183,0.175209518,0.302132016,0.425182632,0.754053983,0.997256559,1.319573118,1.406360688,1.75,1.95,3,5,7.1958,9.6,12.2,14.99677482,17.99032446,21.25099741,..,..
Individuals using the Internet (% of population),IT.NET.USER.ZS,Turks and Caicos Islands,TCA,..,..,..,..,..,..,..,..,..,..,..,..,..,..,..,..,..,..,..,..
Individuals using the Internet (% of population),IT.NET.USER.ZS,Tuvalu,TUV,5.241639585,..,..,..,..,..,..,10,15,20,25,30,35,37,39.2,42.7,46.00915151,49.31833862,..,..
Individuals using the Internet (% of population),IT.NET.USER.ZS,Uganda,UGA,0.163714063,0.237945087,0.384093505,0.46484984,0.71997068,1.742205503,2.529363038,3.671965351,7.9,9.78,12.5,13.01354333,14.1,15.5,16.9,17.83485947,21.87617046,23.70653091,..,..
Individuals using the Internet (% of population),IT.NET.USER.ZS,Ukraine,UKR,0.716183762,1.238759547,1.873885116,3.148127588,3.489477881,3.749764415,4.506124564,6.55,11,17.9,23.3,28.70826284,35.27,40.954129,46.23597546,48.88464368,53,58.88947945,..,..
Individuals using the Internet (% of population),IT.NET.USER.ZS,United Arab Emirates,ARE,23.62530088,26.2717542,28.31648531,29.47795341,30.13129617,40,52,61,63,64,68,78,84.9999915,88,90.4,90.5,90.60000732,94.81992254,98.45000178,..
Individuals using the Internet (% of population),IT.NET.USER.ZS,United Kingdom,GBR,26.82175435,33.48109487,56.48,64.82,65.61,70,68.82,75.09,78.39,83.56,85,85.37999855,87.47999842,89.8441,91.61,92.0003,94.77580063,94.62,94.89674176,..
Individuals using the Internet (% of population),IT.NET.USER.ZS,United States,USA,43.07916264,49.08083159,58.78540388,61.69711712,64.75825648,67.96805292,68.93119327,75,74,71,71.69,69.72946076,74.7,71.4,73,74.55420245,85.54442129,87.26611282,..,..
Individuals using the Internet (% of population),IT.NET.USER.ZS,Uruguay,URY,10.53905775,11.12143768,11.4194702,15.93713672,17.06309834,20.08818956,29.4,34,39.3,41.8,46.4,51.40466106,54.45376868,57.69,61.46,64.5707871,66.4,68.27966256,..,..
Individuals using the Internet (% of population),IT.NET.USER.ZS,Uzbekistan,UZB,0.484347308,0.597567994,1.081939742,1.912595178,2.593725421,3.343509888,6.388321967,7.490604681,9.080114523,11.9,15.9,18.6,23.6,26.8,35.5,42.8,46.79128694,52.30510079,..,..
Individuals using the Internet (% of population),IT.NET.USER.ZS,Vanuatu,VUT,2.108336891,2.830572239,3.510038711,3.903295845,4.746602619,5.082333808,5.850585059,6.8,7.269119923,7.5,8,9.2,10.598,11.3,18.8,22.35140458,24,25.71978784,..,..
Individuals using the Internet (% of population),IT.NET.USER.ZS,"Venezuela, RB",VEN,3.359597465,4.636000948,4.910446327,7.499963465,8.404469592,12.55299791,15.22471148,20.83,25.88,32.7,37.37,40.22,49.05008307,54.9,57,64,60,72,..,..
Individuals using the Internet (% of population),IT.NET.USER.ZS,Vietnam,VNM,0.254248276,1.265651236,1.854999236,3.780280814,7.642408528,12.73992929,17.25456172,20.75544477,23.92,26.55,30.65,35.07,36.8,38.5,41,45,53,58.14,70.34963558,..
Individuals using the Internet (% of population),IT.NET.USER.ZS,Virgin Islands (U.S.),VIR,13.81508054,18.37576604,27.49443238,27.42907299,27.37700879,27.34431967,27.33261054,27.33933584,27.36177742,27.39650968,31.22,35.6,40.5479,45.3,50.07,54.8391373,59.6083158,64.3774943,..,..
Individuals using the Internet (% of population),IT.NET.USER.ZS,West Bank and Gaza,PSE,1.111306207,1.836854839,3.100092235,4.130616356,4.400904826,16.005,18.41,21.176,24.358,32.23,37.4,41.08,43.4,46.6,53.67,57.42419241,61.17838483,65.2,64.39999371,..
Individuals using the Internet (% of population),IT.NET.USER.ZS,"Yemen, Rep.",YEM,0.082500387,0.090802459,0.518796032,0.6047341,0.881222989,1.048597934,1.247824049,5.01,6.89,9.96,12.35,14.905,17.4465,20,22.55,24.08540947,24.57920836,26.71835477,..,..
Individuals using the Internet (% of population),IT.NET.USER.ZS,Zambia,ZMB,0.191071643,0.233129556,0.477750907,0.980483039,2.013549532,2.851752261,4.159913394,4.87,5.55,6.31,10,11.5,13.4682,15.4,19,21,25.50657885,27.8525791,14.2999971,..
Individuals using the Internet (% of population),IT.NET.USER.ZS,Zimbabwe,ZWE,0.401433535,0.799846046,1.1,1.8,2.1,2.4,2.4,3,3.5,4,6.4,8.4,12,15.5,16.36473996,22.7428181,23.11998904,27.05548769,..,..
,,,,,,,,,,,,,,,,,,,,,,,
,,,,,,,,,,,,,,,,,,,,,,,
,,,,,,,,,,,,,,,,,,,,,,,
Data from database: World Development Indicators,,,,,,,,,,,,,,,,,,,,,,,
Last Updated: 10/28/2019,,,,,,,,,,,,,,,,,,,,,,,
